"ID";"Attribute";"Name (UNIQUE)";"Description";"Scale";"restriction";"deprecated";"OLD PROPERTY"
1;"image content";"image distance SSIM";"Distance between two images measured using SSIM. See ....";"Number";;;"outcome://object/image/similarity#ssimSimple"
2;"image content";"image content is equal";"true iff two images are identical, false otherwise";"Boolean";;;"outcome://object/image/similarity#equal"
3;"image content";"image distance RMSE";"Distance between two images measured using RMSE. See ...";"Positive Number";;;"outcome://object/image/similarity#rmse"
4;"image content";"absolute error AE";"number of different pixels";"Positive Number";;;"outcome://object/image/similarity#ae"
5;"image content";"mean absolute error MAE";" average channel error distance";"Positive Number";;;"outcome://object/image/similarity#mae"
6;"image content";"mean error squared MSE";"average of the channel error squared";"Positive Number";;;"outcome://object/image/similarity#mse"
7;"image content";"peak absolute error PAE";"The highest difference of any single pixel";"Positive Number";;;"outcome://object/image/similarity#pae"
8;"image content";"peak signal to noise ratio PSNR";"The ratio of mean square difference to the maximum mean square that can exist between any two images";"Positive Number";;;"outcome://object/image/similarity#psnr"
9;"image content";"image aspect ratio retained";"Indicates whether the aspect ratio of an image has been retained.";"Boolean";;;"outcome://object/image/aspectRatio#equal"
10;"processing time";"elapsed time per MB";"elapsed processing time per Megabyte of input data, measured in milliseconds";"Positive Number";;;"action://performanceEfficiency/timeBehaviour/timePerMB
"
11;"processing time";"elapsed time per object";"elapsed processing time per object processed, measured in milliseconds";"Positive Number";;;"action://performanceEfficiency/timeBehaviour/timePerSample"
12;"processing time";"cpu time per MB";"time of the CPU consumed by the process for each MB of input data, measured in milliseconds";"Positive Number";;;
13;"format standardization";"ISO standardized format";"Is this format a published ISO standard?";"Boolean";;;
14;"operational costs of a preservation action";"other yearly execution costs";"Execution costs of an action which do not fit to a regular running cost category, measured in €/year";"Positive Number";;;"action://business/costs/execution/other"
15;"operational costs of a preservation action";"Running hardware costs";"Running hardware costs arising when using an action, measured in €/year (e.g. server rental costs).";"Positive Number";;;"action://business/costs/execution/hardwareRunning"
16;"setup costs of a preservation action";"feature development costs";"Costs for developing new features which are not available in the software but required for successful operations (€)";"Positive Number";;;"action://business/costs/execution/softwareDevelopNewFeatures"
17;"operational costs of a preservation action";"Yearly running licence costs";"Running software licence costs of an action in € per year.";"Positive Number";;;"action://business/costs/execution/softwareLicenceRunning
"
18;"operational costs of a preservation action";"Running licence costs per object";"Software licence costs for running an action on one object (in € per object)";"Positive Number";;;
19;"operational costs of a preservation action";"Running personell costs";"Running costs for operating an action per year (in €)";"Positive Number";;;"action://business/costs/execution/staffRunning"
20;"operational costs of a preservation action";"Total running costs";"Total sum of costs of operating an action (in €)";"Positive Number";;;
21;"operational costs of a preservation action";"Running costs per object";"Running operational costs of an action in € per object.";"Positive Number";;;"action://business/costs/execution/totalPerObject"
22;"setup costs of a preservation action";"Initial hardware costs";"Initial hardware costs arising when deploying an action (e.g. new hardware needs to be acquired to get software running) measured in €";"Positive Number";;;"action://business/costs/setup/hardwareInitial"
23;"setup costs of a preservation action";"Other initial setup costs";"Setup costs of an action which do not fit to any other given setup costs, in €";"Positive Number";;;"action://business/costs/setup/other
"
24;"setup costs of a preservation action";"Initial customization costs";"Costs for customizing an action (e.g. performance-tuning), in €";"Positive Number";;;"action://business/costs/setup/softwareCustomization"
25;"setup costs of a preservation action";"Initial integration costs";"Costs for integrating an action in the current environment, in €";"Positive Number";;;"action://business/costs/setup/softwareIntegration"
26;"setup costs of a preservation action";"Initial software licence costs";"Initial software licence costs of an action, in €";"Positive Number";;;"action://business/costs/setup/softwareLicenceInitial
"
27;"setup costs of a preservation action";"Costs of external expertise for action setup";"Cost for any external expertise required to setup an action (in €)";"Positive Number";;;"action://business/costs/setup/staffExternalExpertiseNeeded"
28;"setup costs of a preservation action";"Software training costs";"Costs for training staff in operating an action (in €)";"Positive Number";;;"action://business/costs/setup/staffTraining
"
29;"setup costs of a preservation action";"Total setup costs";"Total sum of costs needed to setup an action (in €)";"Positive Number";;;"action://business/costs/setup/total"
30;"Total costs of ownership of a preservation action";"TCO of action";"Total costs of setting up and operating an action (in €)";"Positive Number";;;"action://business/costs/total"
31;"software licence of a preservation action";"licencing schema";"This denotes the licencing schema of an action - TBD! more than one measure? e.g. open/closed, redistribute or not, etc. also possible: list of known licences";;;;
32;"Software interface of a preservation action";".Net API supported";"Is a .Net API natively supported?";"Boolean";;;"action://compatibility/interoperability/interfaces/API/.Net"
33;"Software interface of a preservation action";"batchprocessing supported";"Is there support for batch processing?";"Boolean";;;"action://compatibility/interoperability/interfaces/batchProcessingSupport
"
34;"Software interface of a preservation action";"directory watch supported";"Is directory watch supported, i.e. can the software automatically monitor the content of a certain folder in the file system and automatically process anything appearing there?";"Boolean";;;"action://compatibility/interoperability/interfaces/directoryWatch"
35;"Software interface of a preservation action";"Java API supported";"Is a Java native API supported?";"Boolean";;;"action://compatibility/interoperability/interfaces/API/java"
36;"Software interface of a preservation action";"Other API supported";"Are any other APIs supported?";"Boolean";;;"action://compatibility/interoperability/interfaces/API/other"
37;"Activity logging";"Amount of logging";"Number of characters of activity log produced upon running an action on one content object";"Positive Integer";;;"action://functionalSuitability/functionalCompleteness/generic/activityLoggingAmount"
38;"Activity logging";"Format of logging";"The format of logging output produced by an action";"Ordinal";"text/xml/premis/database/none";;"action://functionalSuitability/functionalCompleteness/generic/activityLoggingFormat"
39;"handling of illegal content elements";"handling of not allowed image compressions";"The way the action handles illegal image compressions";"Ordinal";"convert/remove/keep";;
40;"handling of illegal content elements";"handling of not allowed image formats";"The way the action handles illegal image formats";"Ordinal";"convert/remove/keep";;"action://functionalSuitability/functionalCompleteness/contentSpecific/document/handlingOfNotAllowedImageFormats"
41;"handling of illegal content elements";"handling of not allowed JavaScript";"The way the action handles illegal Javascript elements";"Ordinal";"convert/remove/keep";;"action://functionalSuitability/functionalCompleteness/contentSpecific/document/handlingOfNotAllowedJavaScript"
42;"handling of illegal content elements";"handling of not allowed moving images";"The way the action handles illegal video elements";"Ordinal";"convert/remove/keep";;"action://functionalSuitability/functionalCompleteness/contentSpecific/document/handlingOfNotAllowedMovingImages"
43;"Activity logging";"error reporting";"Indicates whether errors at action execution are reported.";"Boolean";;;"action://functionalSuitability/functionalCompleteness/generic/errorReporting"
44;"coverage of content";"coverage of objects ";"Objects supported by the action as percentage of overall objects of this content that need to be supported";"Positive Number";;;"action://functionalSuitability/functionalCompleteness/generic/fractionOfObjectsSupported"
45;"image-specific features supported";"XMP sidecar support";"Indicates if the action is able to handle XMP sidecar files.";"Boolean";;;"action://functionalSuitability/functionalCompleteness/image/XMPSidecarFileSupport"
46;"input object validation";"Input object validation performed";"Indicates if the action validates the input-object before processing.";"Boolean";;;"action://functionalSuitability/functionalCompleteness/generic/inputObjectValidation"
47;"Support of active content";"Macros supported";"Indicates if the action supports macros.";"Boolean";;;"action://functionalSuitability/functionalCompleteness/generic/macroSupport"
48;"coverage of content";"Number of input formats supported";"Number of input formats supported by an action";"Positive Integer";;;"action://functionalSuitability/functionalCompleteness/generic/numberInputFormats"
49;"coverage of content";"Number of output formats supported";"Number of output formats supported by an action";"Positive Integer";;;"action://functionalSuitability/functionalCompleteness/generic/numberOutputFormats"
50;"image size";"image width in pixels";"The horizontal width of a digital image in pixel";"Positive Integer";;;"outcome://object/image/width"
51;"image size";"image width equal";"true iff image width has been preserved.";"Boolean";;;"outcome://object/image/width#equal"
52;"image size";"image height in pixels";"The vertical height of a digital image in pixel";"Positive Integer";;;"outcome://object/image/height"
53;"image size";"image height equal";"true iff image height has been preserved.";"Boolean";;;"outcome://object/image/height#equal"
54;"image size";"image resolution as string (width x height) as string";"Width and height of an image in number of pixels represented as string (e.g. 1024x768).";"Free Text";;;"outcome://object/image/resolution"
55;"colour space of a digital image";"colour model";"Colour model of the decompressed image data.";"Ordinal";"WhiteIsZero/BlackIsZero/RGB/Palette/Transparency/CMYK/YCbCr/CIELab";;
56;"colour space of a digital image";"colour model preserved";"Indicates whether the colour model has been preserved.";"Boolean";;;"outcome://object/image/colourSpace#equal"
57;"colour profile of a digital image";"colour profile";"ICC profile data";"Free Text";;;
58;"colour profile of a digital image";"colour profile retained";"Indicates whether the colour profile has been retained.";"Boolean";;;
59;"sampling frequency";"X sampling frequency preserved";"Indicates whether X sampling frequency has been preserved.";"Boolean";;;"outcome://object/image/xSamplingFrequency#equal"
60;"sampling frequency";"Y sampling frequency preserved";"Indicates whether Y sampling frequency has been preserved.";"Boolean";;;"outcome://object/image/ySamplingFrequency#equal"
61;"sampling frequency";"sampling frequency unit";"The unit of measurement for X Sampling Frequency and Y Sampling Frequency. ";"Ordinal";"none/inch/cm";;
62;"image orientation";"image orientation";"Orientation of the image in relation to the placement of its rows and columns when it was saved to disk i.e. it denotes whether the image has been rotated or flipped.";"Ordinal";"Horizontal (normal)/Mirror horizontal/Rotate 180/Mirror vertical/Mirror horizontal and rotate 270 CW/Rotate 90 CW/Mirror horizontal and rotate 90 CW/Rotate 270 CW";;
63;"image orientation";"image orientation preserved";"Indicates whether orientation of the image has been preserved";"Boolean";;;"outcome://object/image/orientation#equal"
64;"output object validation";"output object validation performed";"Indicates if the action validates the output-object after processing.";"Boolean";;;"action://functionalSuitability/functionalCompleteness/generic/outputFileFormatVerification"
65;"error handling";"error handling advice provided";"Indicate whether reported error contain a handling advice/suggestion.";"Boolean";;;"action://functionalSuitability/functionalCompleteness/generic/reportedErrorsContainHandlingAdvice"
66;"file name handling";"retain original file name";"Indicates if an action is able to retain the filename of the input-file for the output-file.";"Boolean";;;"action://functionalSuitability/functionalCompleteness/generic/retainFilename"
67;"error handling";"error message understandability";"Indicates tho which degree reported errors are understandable to human users.";"Ordinal";"good/acceptable/poor/no";;"action://functionalSuitability/functionalCompleteness/generic/understandabilityOfReportedErrors"
68;"degree of specific feature support for video games";"byte-stream media support";"Indicator for the mode in which an action supports byte stream media";"Ordinal";"not applicable/not supported/supported as stand-alone file/supported encapsulated in file";;"action://functionalSuitability/functionalCompleteness/contentSpecific/videoGames/byteStreamMediaSupport"
69;"degree of specific feature support for video games";"cd-rom support";"Indicates whether an action is able to access and use the cd-rom drive.";"Boolean";;;"action://functionalSuitability/functionalCompleteness/generic/cdRomSupport"
70;"degree of specific feature support for video games";"displays box artwork";"Indicates whether an action is capable of displaying the box artwork.";"Boolean";;;"action://functionalSuitability/functionalCompleteness/contentSpecific/videoGames/displaysBoxArtwork"
71;"degree of specific feature support for video games";"displays context details";"Indicates whether an action is capable of displaying the context details.";"Boolean";;;"action://functionalSuitability/functionalCompleteness/contentSpecific/videoGames/displaysContextDetails"
72;"degree of specific feature support for video games";"displays description of original media";"Indicates whether an action is capable of displaying the description of the original media.";"Boolean";;;"action://functionalSuitability/functionalCompleteness/contentSpecific/videoGames/displaysDescriptionOfOriginalMedia"
73;"degree of specific feature support for video games";"displays manual";"Indicates whether an action is capable of displaying the manual";"Boolean";;;"action://functionalSuitability/functionalCompleteness/contentSpecific/videoGames/displaysManual"
74;"degree of specific feature support for video games";"displays necessary system configuration";"Indicates whether an action is capable of displaying the necessary system configuration.";"Boolean";;;"action://functionalSuitability/functionalCompleteness/contentSpecific/videoGames/displaysNecessarySystemConfiguration"
75;"degree of specific feature support for video games";"displays original media";"Indicates whether an action is capable of displaying the original media.";"Boolean";;;"action://functionalSuitability/functionalCompleteness/contentSpecific/videoGames/displaysOriginalMedia"
76;"degree of specific feature support for video games";"displays originally supplied additional itmes";"Indicates whether an action is capable of displaying the originally suplied additional items (like special controllers, accessories, etc.).";"Boolean";;;"action://functionalSuitability/functionalCompleteness/contentSpecific/videoGames/displaysOriginallySuppliedAdditionalItems"
77;"degree of specific feature support for video games";"displays reference to console video game system";"Indicates whether an action is capable of displaying the reference to the console video game system.";"Boolean";;;"action://functionalSuitability/functionalCompleteness/contentSpecific/videoGames/displaysReferenceToConsoleVideoGameSystem
"
78;"degree of specific feature support for video games";"displays reference to preferred emulator";"Indicates whether an action is capable of displaying the reference to the preferred emulator.";"Ordinal";"yes - with system configuration/yes - without system configuration/no";;"action://functionalSuitability/functionalCompleteness/contentSpecific/videoGames/displaysReferenceToPreferredEmulator
"
79;"degree of specific feature support for video games";"displays region lock-out information";"Indicates whether an action is capable of displaying the region lock-out information.";"Boolean";;;"action://functionalSuitability/functionalCompleteness/contentSpecific/videoGames/displaysRegionLockOutInformation"
80;"degree of specific feature support for video games";"displays TV standard information";"Indicates whether an action is capable of displaying the TV standard information.";"Boolean";;;"action://functionalSuitability/functionalCompleteness/contentSpecific/videoGames/displaysTvStandardInformation"
81;"degree of specific feature support for video games";"displays video display frequency information";"Indicates whether an action is capable of displaying the display frequency information.";"Boolean";;;"action://functionalSuitability/functionalCompleteness/contentSpecific/videoGames/displaysDisplayFrequencyInformation
"
82;"degree of specific feature support for video games";"game start mode";"indicates in which way video games can be started by an action.";"Ordinal";"command line/user interface/ command line and user interface";;"action://functionalSuitability/functionalCompleteness/contentSpecific/videoGames/gameStartMode"
83;"degree of specific feature support for video games";"keyboard support";"Indicates whether an action is able to access and use the keyboard.";"Boolean";;;"action://functionalSuitability/functionalCompleteness/generic/keyboardSupport"
84;"degree of specific feature support for video games";"mouse support";"Indicates whether an action is able to access and use the mouse.";"Boolean";;;"action://functionalSuitability/functionalCompleteness/generic/mouseSupport"
85;"degree of specific feature support for video games";"necessary accessories supported";"Indicates in which way necessary accessories (e.g. special controller mandatory for playing a video game) are supported by an action.";"Ordinal";"not applicable/Y/N";;"action://functionalSuitability/functionalCompleteness/contentSpecific/videoGames/necessaryAccessoriesSupported"
86;"degree of specific feature support for video games";"original accessories supported";"Indicates in which way original accessories (special controller, etc.) are supported by an action.";"Ordinal";"not applicable/not supported/supported with special hardware/supported without special hardware";;"action://functionalSuitability/functionalCompleteness/contentSpecific/videoGames/originalAccessoriesSupported"
87;"degree of specific feature support for video games";"original media support";"The way an action supports original media.";"Ordinal";"not applicable/not supported/supported with special hardware/supported without special hardware";;"action://functionalSuitability/functionalCompleteness/contentSpecific/videoGames/originalMediaSupport
"
88;"degree of specific feature support for video games";"OS communication type";"The way an action communicates with the operating system.";"Ordinal";"native/none/via network/via virtual media";;"action://functionalSuitability/functionalCompleteness/contentSpecific/videoGames/osCommunicationType
"
89;"degree of specific feature support for video games";"OS pre-installed";"Indicates whether there is an OS preinstalled in an action (in an emulator)";"Boolean";;;"action://functionalSuitability/functionalCompleteness/contentSpecific/videoGames/osPreInstalled"
90;"degree of specific feature support for video games";"recreation level";"Indicates on which levels an action operates to be able to run the video game.";"Ordinal";"high level and no BIOS is needed/low level and no BIOS is needed/high level and BIOS is needed/low level and BIOS is needed";;"action://functionalSuitability/functionalCompleteness/contentSpecific/videoGames/recreationLevel"
91;"degree of specific feature support for video games";"sound support";"Indicates whether sound output is supported by an action";"Boolean";;;"action://functionalSuitability/functionalCompleteness/generic/soundSupport"
92;"degree of specific feature support for video games";"supported media types";"Media types supported by an action";"Ordinal";"not applicable/neither byte-stream nor original media supported/original media but no byte stream supported/byte stream but not original media supported/byte stream and original media supported";;"action://functionalSuitability/functionalCompleteness/contentSpecific/videoGames/supportedMediaTypes"
93;"customization";"ease of customization";"How easy is it to customize an action?";"Ordinal";"good/acceptable/poor/not possible";;"action://maintainability/modifiability/customization"
94;"modular design";"modular design";"Assessment of the action-tool design in terms of modularity.";"Ordinal";"yes/no/not observable";;"action://maintainability/modularity/modularDesign"
95;"modular design";"plugin system";"Indicates if and in what terms the action-tool implements plug-ins.";"Ordinal";"yes - open specification/yes - closed specification/no/not observable";;"action://maintainability/modularity/plugInSystem
"
96;"batch processing capacity";"maximum number of files in batch processing";"Maximum number of files supported at one batch run.";"Positive Integer";;;"action://performanceEfficiency/capacity/batchProcessingMaxFiles"
97;"memory usage";"average memory used per Megabyte";"Memory used per megabyte of input, measured in megabyte.";"Positive Number";;;"action://performanceEfficiency/resourceUtilization/memoryPerMB"
98;"memory usage";"maximum peak memory used";"Maximum of the peak memory used in processing, measured in megabytes.";"Positive Number";;;
99;"server environment integration";"ease of integration";"Assessment of how easy it is to integrate an action into a particular server environment.";"Ordinal";"good/acceptable/poor/not possible";;"action://portability/installability/easeOfIntegrationInCurrentEnvironment"
100;"server environment integration";"multiple platform support";"Indicates if an action is capable of running on different platforms";"Boolean";;;"action://portability/installability/supportedPlattforms/multiplePlatformSupport"
101;"server environment integration";"Linux supported";"Indicates if an action is capable of running on Linux";"Boolean";;;"action://portability/installability/supportedPlattforms/linux"
102;"server environment integration";"MacOS supported";"Indicates if an action is capable of running on MacOS";"Boolean";;;"action://portability/installability/supportedPlattforms/macOS"
103;"server environment integration";"Windows supported";"Indicates if an action is capable of running on Windows";"Boolean";;;"action://portability/installability/supportedPlattforms/windows"
104;"community";"community activity";"Indicates if an action is used and supported by an active community";"Boolean";;;"action://reliability/maturity/stabilityIndicators/activeCommunity"
105;"error handling";"error correction";"Indicates whether the action-tools is able to correct errors in content";"Boolean";;;"action://reliability/faultTolerance/errorCorrection"
106;"error handling";"error tolerance";"Indicates whether the action-tool is able to tolerate errors in content";"Boolean";;;"action://reliability/faultTolerance/errorTolerance"
107;"software vendor";"status of software vendor";"Business status of the action vendor";"Ordinal";"in business/no longer in same business/out of business";;"action://reliability/maturity/sustainabilityIndicators/manufacturerStatus"
108;"stability";"stability judgement";"Judgement of the stability of an action ";"Ordinal";"stable/largely stable/unstable";;"action://reliability/maturity/stability"
109;"community";"support available";"Indicates whether community support is available for an action";"Boolean";;;
110;"community";"action under development";"Indicates whether the action-tool is still being further developed by an active community";"Boolean";;;"action://reliability/maturity/stabilityIndicators/underDevelopment"
111;"configurability";"configuration methods";"Means available for configuring an action";"Ordinal";"internal only/external parameter/configuration file";;"action://usability/operability/configurationMethod"
112;"documentation";"documentation availability";"Availability of documentation to support the operations of an action";"Ordinal";"yes-free/yes-pay/no";;"action://usability/learnability/documentation/availability"
113;"documentation";"documentation quality";"Quality of documentation to support the operations of an action";"Ordinal";"complete/fragmentary/useless";;"action://usability/learnability/documentation/quality"
114;"configurability";"ease of adminstration";"Assessment of how easy it is to administer an action";"Ordinal";"good/acceptable/poor";;"action://usability/operability/easeOfAdministration"
115;"ease of operations";"ease of use";"Assessment of how easy it is to use an action in operations";"Ordinal";"good/acceptable/poor";;"action://usability/operability/easeOfUse"
116;"configurability";"object-specific configuration ";"Indicator how the action manages object-level specific configuration settings";"Ordinal";"internal only/external parameter/configuration file/object encapsulated config";;
117;"compression";"compression type";"Type of compression used in the outcome object";"Ordinal";"none/lossless/lossy";;"outcome://object/compression"
118;"compression";"compression algorithm";;"Free Text";;;
119;"compression";"compression algorithm covered by patent";"Indicates whether the compression algorithm is covered by a patent and thus licence fee might occurr";"Boolean";;;
120;"format conformity";"validity";"Indicates whether the format of the object is valid.";"Boolean";;;"outcome://object/format/valid"
121;"format conformity";"well-formedness";"Indicates whether the format of the object is well formed.";"Boolean";;;"outcome://object/format/wellformed"
122;"format conformity";"conforms";"Indicates whether the format of the result conforms to the output format specified by the action.";"Boolean";;;"outcome://object/format/conforms"
123;"file size";"comparative file size";"Factor for relative output file size, calculated as: (size of output file / size of input file)";"Positive Number";;;"outcome://object/relativeFileSize"
124;"searchability";"level of searchability";"Indicates if and in which way the document is searchable.";"Ordinal";"full/partial/no";;"outcome://object/document/features/searchability"
125;"searchability";"text position identifiable";"Indicates whether it is possible to determine the text position in the output representation";"Boolean";;;
126;"validity of METS metadata";"valid DC/MODS";"Indicates if  METS-metadata contains valid DC/MODS data.";"Boolean";;;"outcome://object/image/metadata/METS/validDcMods"
127;"validity of METS metadata";"valid MIX metadata";"Indicates if  METS-metadata contains valid MIX data.";"Boolean";;;"outcome://object/image/metadata/METS/validMix"
128;"validity of XMP metadata";"valid EXIF metadata";"Indicates if XMP-metadata contains valid EXIF data.";"Boolean";;;"outcome://object/image/metadata/xmp/validExif"
129;"validity of METS metadata";"valid PREMIS metadata";"Indicates if  METS-metadata contains valid PREMIS data.";"Boolean";;;"outcome://object/image/metadata/METS/validPremis"
130;"validity of XMP metadata";"valid IPTC metadata";"Indicates if  XMP-metadata contains valid IPTC data.";"Boolean";;;"outcome://object/image/metadata/xmp/validIptc"
131;"validity of XMP metadata";"valid Doublin Core (DC) metadata";"Indicates if XMP-metadata contains valid Dublin Core data.";"Boolean";;;"outcome://object/image/metadata/xmp/validDc"
132;"validity of embedded metadata";"EXIF:bits per sample correct";"Indicates whether bits per sample extracted from EXIF metadata is equal to bits per sample determined from image data";"Boolean";;;
133;"coverage of content";"number of objects supported";"Total number of objects supported by an action";"Positive Integer";;;"action://functionalSuitability/functionalCompleteness/generic/numberOfObjectsSupported"
134;"automated quality assurance support";"automated QA supported";"Indicates whether results of an action support automated QA with current means";"Boolean";;;"outcome://effect/automatedQAPossible"
135;"archival storage costs";"comparative archival storage costs";"Effects of a preservation action on archival storage costs: Do they increase or decrease?";"Ordinal";"increase/unchanged/decrease";;"outcome://effect/costs/archivalStorage"
136;"preservation watch and planning costs";"comparative preservation watch and planning costs";"Effects of a preservation action on preservation watch and planning costs: Do they increase or decrease?";"Ordinal";"increase/unchanged/decrease";;"outcome://effect/costs/preservationWatchAndPlanning"
137;"archival storage costs";"quantitative archival storage costs";"Effects of a preservation action on archival storage costs, expressed as archival storage costs per object over a time period of 10 years, measured in  €.";"Positive Number";;;"outcome://effect/costs/archivalStorageQuantitative"
138;"format adoption";"number of free tools that are not open source";"Indicator for the adoption of a format, expressed as the number of free tools that are not open source that support a format";"Positive Integer";;;"outcome://format/sustainability/adaption/toolSupport/nrOfFreeNotOpenSourceTools
"
139;"format adoption";"number of free tools that are open source";"Indicator for the adoption of a format, expressed as the number of free tools that are open source  that support a format";"Positive Integer";;;"outcome://format/sustainability/adaption/toolSupport/nrOfFreeOpenSourceTools"
140;"format adoption";"number of proprietary tools";"Indicator for the adoption of a format, expressed as the number of proprietary tools that support a format";"Positive Integer";;;"outcome://format/sustainability/adaption/toolSupport/nrOfProprietaryTools"
141;"format adoption";"number of tools";"Indicator for the adoption of a format, expressed as the total number of all tools that support a format";"Positive Integer";;;"outcome://format/sustainability/adaption/toolSupport/nrOfTools"
142;"format stability";"format backwards compatbility";"Indicates whether a format is backwards compatible to previous versions.";"Boolean";;;"outcome://format/sustainability/stability/backwardsCompatibility"
143;"format transparency";"format complexity";"Indicator of the complexity of a format as judged by experts in the domain";"Ordinal";"high/medium/low";;"outcome://format/sustainability/transparency/complexity"
144;"format support for specific database features";"format support for column type datetime";"Indicates whether the outcome format supports the database column type DateTime.";"Boolean";;;"outcome://format/qualityAndFunctionality/database/supportForColumnTypeDateTime"
145;"format support for specific database features";"format support for column type number";"Indicates whether the outcome format supports the database column type Number.";"Boolean";;;"outcome://format/qualityAndFunctionality/database/supportForColumnTypeNumber"
146;"format support for specific database features";"format support for column type string";"Indicates whether the outcome format supports the database column type String.";"Boolean";;;"outcome://format/qualityAndFunctionality/database/supportForColumnTypeString"
147;"format documentation";"format documentation availability";"Availability of the documentation for a format";"Ordinal";"yes-free/yes-pay/no";;"outcome://format/sustainability/disclosure/documentation/availability"
148;"format documentation";"format documentation quality";"Judgement of the quality of documentation available for a format";"Ordinal";"complete/fragmentary/useless";;"outcome://format/sustainability/disclosure/documentation/quality"
149;"format metadata support";"custom metadata support";"Indicates whether additionaly metadata can be embedded in the outcome format.";"Boolean";;;"outcome://format/sustainability/selfDocumentation/metadata/embedCustomMetadata
"
150;"format metadata support";"image metadata support";"Indicates whether image metadata can be embedded in the outcome format.";"Boolean";;;"outcome://format/sustainability/selfDocumentation/metadata/embedImageMetadata"
151;"format metadata support";"image previews embeddable";"Indicate whether a preview image can be embedded in the outcome format.";"Boolean";;;"outcome://format/sustainability/selfDocumentation/metadata/embedPreviewImage"
152;"format recoverability";"error awareness";"Indicates the presence of features built into the format that allow the detection of and recovery from errors (such as checksums)";"Ordinal";"recoverable/detectable/none";;"outcome://format/sustainability/recoverability/errorAwareness"
153;"format disclosure";"identification possibilities";"Possibilies to identify the outcome format (cf. PRONOM)";"Ordinal";"automatic_specific/automatic_generic/automatic_tentative/manual/none";;"outcome://format/sustainability/disclosure/identificationPossibilities"
154;"format viewing features support";"format facilitates zooming";"Indicates where the format provides specific support for zooming";"Boolean";;;"outcome://format/qualityAndFunctionality/image/zoomPossible"
155;"format licence costs";"format licence costs incurred";"Indicates whether licence costs occur at using the outcome format.";"Boolean";;;"outcome://format/business/licenceCostsForUse"
156;"format adoption";"format supported by web browsers";"Indicates whether the format can be natively displayed by browsers.";"Boolean";;;"outcome://format/sustainability/adoption/toolSupport/nativeBrowserSupport"
157;"format viewing features support";"format supported by OCR software";"Indicates whether tools exists which can apply optical character recognition directly to the outcome format";"Boolean";;;"outcome://format/sustainability/adoption/toolSupport/ocrPossible"
158;"format transparency";"format readable as plain text";"Indicates whether the outcome format is human readable as plain text.";"Boolean";;;"outcome://format/qualityAndFunctionality/readableAsPlainText"
159;"format rights";"format IPR protection";"Existence of rights applying to the outcome format.";"Ordinal";"open/ipr_protected/proprietary";;"outcome://format/sustainability/rights"
160;"format stability";"format speed of change";"Stability of the outcome format with respect to changes.";"Ordinal";"less than 1 year/1-2 years/3-5 years/more than 5 years";;"outcome://format/sustainability/stability/speedOfChange"
161;"format stability";"format standardization";"Standardization of the outcome format.";"Ordinal";"international standard/de facto standard/none";;"outcome://format/sustainability/stability/standardization"
162;"format adoption";"format ubiquity";"Ubiquity or popularity of the outcome format.";"Ordinal";"ubiquitous/widespread/specialised/obsolete";;"outcome://format/sustainability/adoption/ubiquity"
163;"format viewing features support";"format supports usage restrictions";"Indicates whether usage restrictions can be applied to the outcome format.";"Boolean";;;"outcome://format/technicalProtectionMechanisms/usageRestrictionsPossible"
164;"format disclosure";"format validation support";"Possibilies to validate conformance to a format.";"Ordinal";"automatic/manual/none";;"outcome://format/sustainability/disclosure/validationPossibilities
"
165;"content interpretation quality";"format stores interpreted data";"Indicates whether the format contains interpreted data (as opposed to original raw data plus interpretation instructions)";"Boolean";;;"outcome://format/qualityAndFunctionality/image/interpretedData
"
166;"content interpretation quality";"format reinterpretation quality loss";"Indicates whether a quality loss occurs at reinterpretating the content stored in a format";"Ordinal";"minimal/acceptable/not acceptable";;"outcome://format/qualityAndFunctionality/image/qualityLossAtReinterpretating"
167;"format viewing features support";"format facilitates PDF creation";"Indicates whether it is commonly easy to create a pdf from the format.";"Boolean";;;"outcome://format/qualityAndFunctionality/image/pdfCreationPossible"
168;"OCR Text";"OCR text retained";"Indicates whether the OCR text extracted from an image has been retained.";"Boolean";;;"outcome://object/image/ocrText#equal
"
169;"colour depth";"bits per sample equal";"Bits per component (channel) for each pixel";"Boolean";;;"outcome://object/image/bitsPerSample#equal"
170;"colour depth";"bits per sample retained";"Number of bits per component (channel) equal or higher compared with original.";"Boolean";;;"outcome://object/image/bitsPerSample#greaterOrEqual"
171;"database representation";"database character encoding";"Character encoding used in given database representation.";"Free Text";;;"outcome://object/database/representation/characterEncoding"
172;"database representation";"database time encoding";"Time encoding used in given database representation.";"Free Text";;;"outcome://object/database/representation/timeEncoding"
173;"database representation";"database number precision retained";"Precision of number representation retained";"Boolean";;;
174;"database representation";"database strings encoding retained";"Encoding of strings have been retained";"Boolean";;;
175;;;;;;;
176;;;;;;;
177;;;;;;;
178;;;;;;;
179;"video game set-up";"installation of video game necessary";"Indicates whether it is necessary to install the game, before being able to play it.";"Boolean";;;"outcome://object/videoGame/gameInstallationNecessary"
180;"video game set-up";"configuration of video game";"The way game configuration takes place.";"Ordinal";"manual/pre-configured/not needed";;"outcome://object/videoGame/gameConfiguration"
181;"video game";"video game playable";"Indicates whether the game is playable.";"Boolean";;;"outcome://object/videoGame/gamePlayable"
182;"video game";"video game starts";"Indicates whether the game starts. A game starts successfully if the start screen of the game shows up. A black screen after a start attempt is not enough to evaluate this property to true.";"Boolean";;;"outcome://object/videoGame/gameStarts"
183;"video game";"speed performance of game retained";"Indicates whether the speed performance of the game has been retained";"Boolean";;;
184;"video game graphics";"frame rate preserved";;"Boolean";;;"outcome://object/videoGame/graphics/frameRate"
185;"video game graphics";"frame rate deviation";;"Positive Number";;;"outcome://object/videoGame/graphics/frameRate#deviationInPercent"
186;"video game graphics";"quality of special effects supported by hardware";"Indicates the quality of hardware supported special effects.";"Ordinal";"no objects displayed/not applicable/severe differences to original/small differences to original/no differences noticeable";;
187;"video game graphics";"quality of 2d object layer placement";"Indicates how good 2D object layer placement is working.";"Ordinal";"no 2D objects displayed/not applicable/severe errors on whole image/errors noticeable but do not affect gameplay/no errors noticeable";;"outcome://object/videoGame/graphics/2DObjectLayerPlacement"
188;"video game graphics";"quality of 2D object position placement";"Indicates how good 2D object position placement is working.";"Ordinal";"no 2D objects displayed/not applicable/severe errors on whole image/errors noticeable but do not affect gameplay/no errors noticeable";;"outcome://object/videoGame/graphics/2DObjectPositionPlacement
"
189;"video game graphics";"quality of 3D object calculation";"Indicates how good 3D object calculation is working.";"Ordinal";"no 3D objects displayed/not applicable/severe errors on whole image/errors noticeable but do not affect gameplay/no errors noticeable";;"outcome://object/videoGame/graphics/3DObjectCalculation"
190;"video game graphics";"quality of 3D object clipping";"Indicates how good 3D object clipping is working.";"Ordinal";" no 3D objects displayed/not applicable/severe errors on whole image/errors noticeable but do not affect gameplay/no errors noticeable";;"outcome://object/videoGame/graphics/3DObjectClipping"
191;"video game graphics";"3D texture quality";"Indicates the quality of 3D texture quality.";"Ordinal";"no 3D objects displayed/not applicable/severe errors on whole image/errors noticeable but do not affect gameplay/no errors noticeable";;"outcome://object/videoGame/graphics/3DTextureQuality"
192;"video game graphics";"degree to which screen overlay is supported";"Indicates in which way screen overlays are supported.";"Ordinal";"not applicable/not supported/supported manually by loading image/supported by auto-detection/supported through encapsulation";;"outcome://object/videoGame/graphics/screenOverlay"
193;"video game graphics";"colour quality retained";"Indicates whether all graphics colour characteristics have been retained.";"Boolean";;;
194;"video game audio";"music qualiy of the video game retained";"Indicates whether the music quality of the video game has been retained.";"Boolean";;;
195;"video game audio";"sound quality of the video game retained";"Indicates whether the sound quality of the video game has been retained.";"Boolean";;;
196;"video game audio";"speech quality of the video game retained";"Indicates whether the speech quality of the video game has been retained.";"Boolean";;;
197;"video game interactivity";"additional supported items";"Indicates if additional items (like game boards used in role-playing games) are supported by the game emulation itself (and therefore are not required physical), or if they are not supported and therefore are required to be physically present - otherwise the game cannot be played.";"Ordinal";"not applicable/not supported/supported";;"outcome://object/videoGame/interactivity/additionalItemsSupported"
198;"special controller support";"audible feedback";"Indicates original special controller audible feedback (if applicable).";"Ordinal";"not applicable/not supported/supported";;"outcome://object/videoGame/interactivity/input/originalHardware/specialController/controllerFeedback/audible"
199;"special controller support";"force feedback";"Indicates original special controller force feedback (if applicable).";"Ordinal";"not applicable/not supported/supported";;"outcome://object/videoGame/interactivity/input/originalHardware/specialController/controllerFeedback/force"
200;"input overlay support";"response delay to overlay";"Overlay response delay";"Ordinal";"not applicable/considerable delay/short delay/delay not noticeable";;"outcome://object/videoGame/interactivity/input/overlay/responseDelay"
201;"input overlay support";"input overlay supported";"Indicates whether input overlay is supported";"Boolean";;;
202;"input overlay support";"input overlay usable";"Degree to which input overlay is usable";"Ordinal";"not applicable/not usable/usable";;"outcome://object/videoGame/interactivity/input/overlay/usability"
203;"special controller support";"special controller supported";"Indicates if and under what circumstances original special controller are supported.";"Ordinal";"not applicable/not supported/supported with special hardware/supported with special software/native supported";;"outcome://object/videoGame/interactivity/input/originalHardware/specialController/support
"
204;"special controller support";"special controller visual feedback";"Indicates original special controller visual feedback (if applicable).";"Ordinal";"not applicable/not supported/supported";;"outcome://object/videoGame/interactivity/input/originalHardware/specialController/controllerFeedback/visual"
205;"standard controller support";"standard controller audible feedback";"Indicates original standard controller audible feedback (if applicable).";"Ordinal";"not applicable/not supported/supported";;"outcome://object/videoGame/interactivity/input/originalHardware/standardController/controllerFeedback/audible"
206;"standard controller support";"standard controller force feedback";"Indicates original standard controller force feedback (if applicable).";"Ordinal";"not applicable/not supported/supported";;"outcome://object/videoGame/interactivity/input/originalHardware/standardController/controllerFeedback/force"
207;"standard controller support";"standard controller response delay";"Indicates original standard controller response delay (if applicable).";"Ordinal";"not applicable/considerable delay/short delay/delay not noticeable";;"outcome://object/videoGame/interactivity/input/originalHardware/standardController/responseDelay"
208;"standard controller support";"standard controller support";"Indicates if and under what circumstances original standard controller are supported.";"Ordinal";"not applicable/not supported/supported with special hardware/supported with special software/native supported";;"outcome://object/videoGame/interactivity/input/originalHardware/standardController/support"
209;"standard controller support";"standard controller visual feedback";"Indicates original standard controller visual feedback (if applicable).";"Ordinal";"not applicable/not supported/supported";;"outcome://object/videoGame/interactivity/input/originalHardware/standardController/controllerFeedback/visual"
210;"video game interactivity";"overlay response delay";"Indicates overlay response delay (if applicable).";"Ordinal";"not applicable/considerable delay/short delay/delay not noticeable";;
211;"video game interactivity";"screen overlay support";"Indicates whether overlays are supported";"Ordinal";"not applicable/not supported but necessary for game play/not supported and not necessary for game play/supported but not necessary for game play/supported and necessary for game play";;
212;"video game interactivity";"screen overlay usability";"Indicates overlay usability (if applicable).";"Ordinal";"not applicable/not usable/usable";;
213;"PC gaming hardware controller support";"PC gaming hardware audible controller feedback";"Indicates personal computer gaming hardware audible controller feedback (if applicable).";"Ordinal";"not applicable/not supported/supported";;"outcome://object/videoGame/interactivity/input/PCGamingHardware/controllerFeedback/audible"
214;"PC gaming hardware controller support";"PC gaming hardware force controller feedback";"Indicates personal computer gaming hardware controller force feedback (if applicable).";"Ordinal";"not applicable/not supported/supporte";;"outcome://object/videoGame/interactivity/input/PCGamingHardware/controllerFeedback/force"
215;"PC gaming hardware controller support";"PC gaming hardware original feel";"Indicates if and in which way standard pc gaming hardware exists which resembles the feel of the original.";"Ordinal";"controllers resembling original controller not available/controllers resembling original controller not supported/controllers resembling original controller supported";;"outcome://object/videoGame/interactivity/input/PCGamingHardware/originalFeel"
216;"PC gaming hardware controller support";"PC gaming hardware original look";"Indicates if and in which way standard pc gaming hardware exists which resembles the look of the original.";"Ordinal";"controllers resembling original controller not available/controllers resembling original controller not supported/controllers resembling original controller supported";;"outcome://object/videoGame/interactivity/input/PCGamingHardware/originalLook"
217;"PC gaming hardware controller support";"PC gaming hardware response delay";"Indicates personal computer gaming hardware response delay (if applicable).";"Ordinal";"not applicable/considerable delay/short delay/delay not noticeable";;"outcome://object/videoGame/interactivity/input/PCGamingHardware/responseDelay
"
218;"PC gaming hardware controller support";"PC gaming hardware visual controller feedback";"Indicates personal computer gaming hardware visual controller feedback (if applicable).";"Ordinal";"not applicable/not supported/supported";;"outcome://object/videoGame/interactivity/input/PCGamingHardware/controllerFeedback/visual"
219;"PC standard hardware controller support";"PC standard hardware audible controller feedback";"Indicates personal computer standard hardware audible controller feedback (if applicable).";"Ordinal";"not applicable/not supported/supported";;"outcome://object/videoGame/interactivity/input/PCStandardHardware/controllerFeedback/audible"
220;"PC standard hardware controller support";"PC standard hardware force controller feedback";"Indicates personal computer standard hardware controller force feedback (if applicable).";"Ordinal";"not applicable/not supported/supported";;"outcome://object/videoGame/interactivity/input/PCStandardHardware/controllerFeedback/force"
221;"PC standard hardware controller support";"PC standard hardware response delay";"Indicates personal computer standard hardware response delay (if applicable).";"Ordinal";"not applicable/considerable delay/short delay/delay not noticeable";;"outcome://object/videoGame/interactivity/input/PCStandardHardware/responseDelay"
222;"PC standard hardware controller support";"PC standard hardware support";"Indicates if and in which way personal computer standard hardware is supported.";"Ordinal";"supported and resemble look of original controller/supported/not supported";;"outcome://object/videoGame/interactivity/input/PCStandardHardware/support"
223;"PC standard hardware controller support";"PC standard hardware usability";"Indicates personal computer standard hardware usability (if applicable).";"Ordinal";"not applicable/not acceptable/fairly playable/well playable/perfectly playable";;"outcome://object/videoGame/interactivity/input/PCStandardHardware/usability"
224;"PC standard hardware controller support";"PC standard hardware visual controller feedback";"Indicates personal computer standard hardware visual controller feedback (if applicable).";"Ordinal";"not applicable/not supported/supported";;"outcome://object/videoGame/interactivity/input/PCStandardHardware/controllerFeedback/visual"
225;"audio synchronicity";"game music synchronicity";"Indicates to which degree music appears synchronous to the related video.";"Ordinal";"not applicable/severe errors apparent/small error noticeable/no error noticeable";;"outcome://object/videoGame/audio/music/synchronousToVideo"
226;"audio synchronicity";"game sound synchronicity";"Indicates to which degree sound appears synchronous to the related video.";"Ordinal";"not applicable/severe errors apparent/small error noticeable/no error noticeable";;"
outcome://object/videoGame/audio/sound/synchronousToVideo
"
227;"audio synchronicity";"game speech synchronicity";"Indicates to which degree speech appears synchronous to the related video.";"Ordinal";"not applicable/severe errors apparent/small error noticeable/no error noticeable";;"outcome://object/videoGame/audio/speech/synchronousToVideo"
228;"video game documentation";"box artwork available for video game";"Indicates whether box artwork is available.";"Boolean";;;"outcome://object/videoGame/documentation/boxArtworkAvailable"
229;"video game documentation";"documentation of video game available";"Indicates whether the manual is available.";"Boolean";;;"outcome://object/videoGame/documentation/manualAvailable"
230;"video game documentation";"documentation of original video game media available";"Indicates whether information about the original game media is available.";"Boolean";;;"outcome://object/videoGame/documentation/originalMediaAvailable"
231;"video game documentation";"system requirements specification available";"Indicates whether an actual systems requirements specification is available.";"Boolean";;;"outcome://object/videoGame/documentation/systemRequirementsSpecificationAvailable"
232;"video game network support";"lag for network play";"Indicates the lag occuring at network play.";"Ordinal";"not applicable/considerable delay/short delay/delay not noticeable";;"outcome://object/videoGame/networkSupport/lagForNetworkPlay"
233;"video game network support";"supported network protocols";"Indicates whether network protocols are supported by the game.";"Ordinal";"not applicable/not supported/supported";;"outcome://object/videoGame/networkSupport/networkProtocols"
234;"video game network support";"possibility of using original servers";"Indicates it the use of the original servers is supported at network play.";"Ordinal";"not applicable/not supported/supported";;"outcome://object/videoGame/networkSupport/useOfOriginalServers"
235;"available metadata for database";"presence of data dictionary";"Indicates whether a data dictionary is present in the database.";"Boolean";;;
236;"available metadata for database";"quality of data dictionary";"Quality of the present data dictionary.";"Ordinal";"not available/good/acceptable/bad";;"outcome://object/database/context/dataDictionary/quality"
237;"available metadata for database";"presence of data model";"Indicates whether a data model is present in the database.";"Boolean";;;"outcome://object/database/context/dataModel/present"
238;"available metadata for database";"quality of data model";"Quality of the present data model.";"Ordinal";"not available/good/acceptable/bad";;"outcome://object/database/context/dataModel/quality"
239;"available metadata for database";"syntax of data model";"Syntax used in the present data model.";"Ordinal";"not available/ERD/UML/other";;"outcome://object/database/context/dataModel/syntax"
240;"available metadata for database";"original database product";"Indicates whether the original database product is documented.";"Boolean";;;"outcome://object/database/context/originalDatabaseProductPresent"
241;"database data representation";"datetime elements conform to SQL-99";"Indicates if datetime representations accord to SQL-99 standard.";"Boolean";;;"outcome://object/database/representation/dateTimesAccordingToSQL99Standard"
242;"available metadata for database";"metadata for each element is present";"Indicates whether metadata for each element exists.";"Boolean";;;
243;"available metadata for database";"data dictionary is present";"Indicates whether the (external) data dictionary is present.";"Boolean";;;"outcome://object/database/context/dataDictionary/present"
244;"available metadata for database";"either metadata for each element or data dictionary present";"Indicates whether metadata is present for each element. This means that either the element metadata or the (external) data dictionary must be present.";"Boolean";;;"outcome://object/database/context/elementMetadataOrDataDictionaryPresent"
245;"archival provenance information";"archival client machine information documented";"Indicates whether documentation of the client machine which executed the archival process is present.";"Boolean";;;"outcome://object/database/context/archivalProcess/clientMachinePresent
"
246;"archival provenance information";"archival process connection url documented";"Indicates whether the connection-url used to connect to the database for executing the archival process is documented.";"Boolean";;;"outcome://object/database/context/archivalProcess/connectionURLPresent"
247;"archival provenance information";"archival process execution user documented";"Indicates whether the executing user of the archival process is documented.";"Boolean";;;"outcome://object/database/context/archivalProcess/executingUserPresent"
248;"archival provenance information";"archival process execution location present";"Indicates whether the execution location of the archival process is documented.";"Boolean";;;"outcome://object/database/context/archivalProcess/executionLocationPresent"
249;"archival provenance information";"archival process start time present";"Indicates whether the start of the archival process is documented.";"Boolean";;;"outcome://object/database/context/archivalProcess/startTimePresent"
250;"image EXIF metadata";"EXIF: all gps data retained";;"Boolean";;;"outcome://object/image/metadata/exif/gps/data#retained"
251;"image EXIF metadata";"EXIF: all tiff data retained";;"Boolean";;;"outcome://object/image/metadata/exif/tiff/data#retained
"
252;"image EXIF metadata";"EXIF: aperture value retained";;"Boolean";;;"outcome://object/image/metadata/exif/pictureTakingConditions/apertureValue#retained"
253;"image EXIF metadata";"EXIF: artist retained";;"Boolean";;;"outcome://object/image/metadata/exif/ifd0/artist#retained"
254;"image EXIF metadata";"EXIF: bits per sample retained";;"Boolean";;;"outcome://object/image/metadata/exif/ifd0/bitsPerSample#retained"
255;"image EXIF metadata";"EXIF: brightness value retained";;"Boolean";;;"outcome://object/image/metadata/exif/pictureTakingConditions/brightnessValue#retained"
256;"image EXIF metadata";"EXIF: cfa pattern retained";;"Boolean";;;"outcome://object/image/metadata/exif/pictureTakingConditions/cfaPattern#retained"
257;"image EXIF metadata";"EXIF: compression retained";;"Boolean";;;"outcome://object/image/metadata/exif/ifd0/compression#retained"
258;"image EXIF metadata";"EXIF: contrast retained";;"Boolean";;;"outcome://object/image/metadata/exif/pictureTakingConditions/contrast#retained"
259;"image EXIF metadata";"EXIF: exposure bias value retained";;"Boolean";;;"outcome://object/image/metadata/exif/pictureTakingConditions/exposureBiasValue#retained"
260;"image EXIF metadata";"EXIF: exposure index retained";;"Boolean";;;"outcome://object/image/metadata/exif/pictureTakingConditions/exposureIndex#retained"
261;"image EXIF metadata";"EXIF: exposure mode retained";;"Boolean";;;"outcome://object/image/metadata/exif/pictureTakingConditions/exposureMode#retained"
262;"image EXIF metadata";"EXIF: exposure program retained";;"Boolean";;;"outcome://object/image/metadata/exif/pictureTakingConditions/exposureProgram#retained"
263;"image EXIF metadata";"EXIF: exposure time retained";;"Boolean";;;"outcome://object/image/metadata/exif/pictureTakingConditions/exposureTime#retained"
264;"image EXIF metadata";"EXIF: f number retained";;"Boolean";;;
265;"image EXIF metadata";"EXIF: flash retained";;"Boolean";;;"outcome://object/image/metadata/exif/pictureTakingConditions/flash#retained"
266;"image EXIF metadata";"EXIF: focal lenght in 35mm film retained";;"Boolean";;;"outcome://object/image/metadata/exif/pictureTakingConditions/focalLenghtIn35mmFilm"
267;"image EXIF metadata";"EXIF: focal length retained";;"Boolean";;;"outcome://object/image/metadata/exif/pictureTakingConditions/focalLength#retained"
268;"image EXIF metadata";"EXIF: image description retained";;"Boolean";;;"outcome://object/image/metadata/exif/ifd0/imageDescription#retained"
269;"image EXIF metadata";"EXIF: image height retained";;"Boolean";;;"outcome://object/image/metadata/exif/ifd0/imageHeight#retained"
270;"image EXIF metadata";"EXIF: image width retained";;"Boolean";;;"outcome://object/image/metadata/exif/ifd0/imageWidth#retained"
271;"image EXIF metadata";"EXIF: iso-speed value retained";;"Boolean";;;"outcome://object/image/metadata/exif/pictureTakingConditions/isoSpeed#retained"
272;"image EXIF metadata";"EXIF: light source retained";;"Boolean";;;"outcome://object/image/metadata/exif/pictureTakingConditions/lightSource#retained"
273;"image EXIF metadata";"EXIF: make retained";;"Boolean";;;"outcome://object/image/metadata/exif/ifd0/make#retained"
274;"image EXIF metadata";"EXIF: metering mode retained";;"Boolean";;;"outcome://object/image/metadata/exif/pictureTakingConditions/meteringMode#retained"
275;"image EXIF metadata";"EXIF: model retained";;"Boolean";;;"outcome://object/image/metadata/exif/ifd0/model#retained"
276;"image EXIF metadata";"EXIF: oECF retained";;"Boolean";;;"outcome://object/image/metadata/exif/pictureTakingConditions/oECF#retained"
277;"image EXIF metadata";"EXIF: photometric interpretation retained";;"Boolean";;;"outcome://object/image/metadata/exif/ifd0/photometricInterpretation#retained"
278;"image EXIF metadata";"EXIF: resolution unit retained";;"Boolean";;;"outcome://object/image/metadata/exif/ifd0/resolutionUnit#retained"
279;"image EXIF metadata";"EXIF: samples per pixel retained";;"Boolean";;;"outcome://object/image/metadata/exif/ifd0/samplesPerPixel#retained"
280;"image EXIF metadata";"EXIF: saturation retained";;"Boolean";;;"outcome://object/image/metadata/exif/pictureTakingConditions/saturation#retained"
281;"image EXIF metadata";"EXIF: sensing method retained";;"Boolean";;;"outcome://object/image/metadata/exif/pictureTakingConditions/sensingMethod#retained"
282;"image EXIF metadata";"EXIF: sharpness retained";;"Boolean";;;"outcome://object/image/metadata/exif/pictureTakingConditions/sharpness#retained"
283;"image EXIF metadata";"EXIF: shutter speed value retained";;"Boolean";;;"outcome://object/image/metadata/exif/pictureTakingConditions/shutterSpeedValue#retained"
284;"image EXIF metadata";"EXIF: software retained";;"Boolean";;;"outcome://object/image/metadata/exif/ifd0/software#retained"
285;"image EXIF metadata";"EXIF: spectral sensivity retained";;"Boolean";;;"outcome://object/image/metadata/exif/pictureTakingConditions/spectralSensitivity#retained"
286;"image EXIF metadata";"EXIF: subject distance retained";;"Boolean";;;"outcome://object/image/metadata/exif/pictureTakingConditions/subjectDistance#retained"
287;"image EXIF metadata";"EXIF: version retained";;"Boolean";;;"outcome://object/image/metadata/exif/pictureTakingConditions/exifVersion#retained
"
288;"image EXIF metadata";"EXIF: white balance retained";;"Boolean";;;"outcome://object/image/metadata/exif/pictureTakingConditions/whiteBalance#retained"
289;"image EXIF metadata";"EXIF: all metadata retained";"Indicates whether all EXIF metadata has been retained.";"Boolean";;;
290;"image IPTC metadata";"IPTC: all metadata retained";"Indicates whether all IPTC metadata has been retained.";"Boolean";;;"outcome://object/image/metadata/iptc/data#retained
"
291;"image metadata";"capture device metadata element retained";"Device used to create the image data has been retained";"Boolean";;;"outcome://object/image/metadata/captureDevice#retained"
292;"image metadata";"date and time of creation metadata element retained";"Date and time of creation of image has been retained";"Boolean";;;"outcome://object/image/metadata/creationDateTime#retained"
293;"image metadata";"image width metadata element retained";"Image width metadata element has been retained.";"Boolean";;;"outcome://object/image/metadata/imageWidth#retained"
294;"image metadata";"image height metadata element retained";"Image height metadata element has been retained.";"Boolean";;;"outcome://object/image/metadata/imageHeight#retained"
295;"image metadata";"image orientation metadata element retained";"Orientation metadata element has been retained.";"Boolean";;;"outcome://object/image/metadata/orientation#retained"
296;"image metadata";"producer metadata element retained";"Producer metadata element has been retained.";"Boolean";;;"outcome://object/image/metadata/producer#retained"
297;"image metadata";"software metadata element retained";"Metadata element on software used to write the image has been retained";"Boolean";;;"outcome://object/image/metadata/software#retained"
298;"image metadata";"X resolution metadata element retained";"Metadata element X resolution (image resolution in width direction) has been retained";"Boolean";;;
299;"image metadata";"Y resolution metadata element retained";"Metadata element Y resolution (image resolution in height direction) has been retained";;;;
300;"image DC metadata";"DC: all metadata retained";"Indicates whether all DC metadata has been retained.";"Boolean";;;"outcome://object/image/metadata/dc/data#retained"
301;"database content";"bitstreams of database blobs retained";"Indicates whether bitstreams of database binary large objects (blobs) have been retained";"Boolean";;;"outcome://object/database/content/blobs/bitstreams#retained"
302;"database content";"content of database blobs retained";"Indicates whether content of database binary large objects (blobs) have been retained";"Boolean";;;"outcome://object/database/content/blobs/contents#retained"
303;"database content";"database blobs format metadata retained";"Indicates whether format metadata of database binary large objects (blobs) have been retained.";"Boolean";;;"outcome://object/database/content/blobs/formatMetadata#retained"
304;"database content";"database candidate keys (indexes) retained";"Indicates whether candidate keys (indexes) have been retained";"Boolean";;;
305;"database content";"database check constraints retained";"Indicates whether database check constraints have been retained";"Boolean";;;"outcome://object/database/content/constraints/checkConstraints#retained"
306;"database content";"database columns datatypes retained";"Indicates whether datatypes of database columns have been retained";"Boolean";;;
307;"database content";"database foreign keys retained";"Indicates whether database foreign keys have been retained";"Boolean";;;
308;"database content";"database primary keys retained";"Indicates whether database primary keys have been retained";"Boolean";;;
309;"database content";"database privileges retained";"Indicates whether database privileges have been retained";"Boolean";;;
310;"database content";"database roles retained";"Indicates whether database roles have been retained";"Boolean";;;"outcome://object/database/context/roles#retained"
311;"database content";"database routines retained";"Indicates whether database routines have been retained";"Boolean";;;"outcome://object/database/context/routines#retained"
312;"database content";"database schemas retained";"Indicates whether database schemas have been retained";"Boolean";;;"outcome://object/database/context/schemas#retained"
313;"database content";"database sequences retained";"Indicates whether database sequences have been retained";"Boolean";;;"outcome://object/database/content/sequences#retained

"
314;"database content";"database strings retained";"Indicates whether database strings have been retained";"Boolean";;;
315;"database content";"database system tables retained";"Indicates whether database system tables have been retained";"Boolean";;;"outcome://object/database/content/systemTables#retained"
316;"database content";"database table column counts equal";"Indicates whether the total number of columns of all tables is the same";"Boolean";;;"outcome://object/database/content/columns/tableColumnCounts#equal"
317;"database content";"database table row counts equal";"Indicates whether the total number of rows of all tables is the same";"Boolean";;;"outcome://object/database/content/tableRowCounts#equal"
318;"database content";"database triggers retained";"Indicates whether database triggers have been retained";"Boolean";;;
319;"database content";"database user defined datatypes retained";"Indicates whether database user defined datatypes (UDT) have been retained";"Boolean";;;
320;"database content";"database users retained";"Indicates whether database users have been retained";"Boolean";;;
321;"database content";"database views retained";"Indicates whether database views have been retained";"Boolean";;;
322;"descriptive metadata for database elements";"database data owner retained";"Owner of the data in the database";"Boolean";;;"outcome://object/database/context/dataOwner#retained"
323;"descriptive metadata for database elements";"database name retained";"Name of the database";"Boolean";;;"outcome://object/database/context/databaseName#retained"
324;"descriptive metadata for database elements";"database purpose retained";"Purpose of the database";"Boolean";;;"outcome://object/database/context/databasePurpose#retained"
325;"descriptive metadata for database elements";"database descriptive metadata for foreign keys retained";"Indicates whether database descriptive metadata for foreign keys have been retained";"Boolean";;;
326;"descriptive metadata for database elements";"database descriptive metadata for indexes retained";"Indicates whether database descriptive metadata for indexes have been retained";"Boolean";;;
327;"descriptive metadata for database elements";"database descriptive metadata for primary keys retained";"Indicates whether database descriptive metadata for primary keys have been retained";"Boolean";;;
328;"descriptive metadata for database elements";"database descriptive metadata for privileges retained";"Indicates whether database descriptive metadata for privileges have been retained";"Boolean";;;"outcome://object/database/context/privileges#retained"
329;"descriptive metadata for database elements";"database descriptive metadata for roles retained";"Indicates whether database descriptive metadata for roles have been retained";"Boolean";;;
330;"descriptive metadata for database elements";"database descriptive metadata for routines retained";"Indicates whether database descriptive metadata for routines have been retained";"Boolean";;;
331;"descriptive metadata for database elements";"database descriptive metadata for schemas retained";"Indicates whether database descriptive metadata for schemas have been retained";"Boolean";;;
332;"descriptive metadata for database elements";"database descriptive metadata for sequences retained";"Indicates whether database descriptive metadata for sequences have been retained";"Boolean";;;"outcome://object/database/context/sequences#retained"
333;"descriptive metadata for database elements";"database descriptive metadata for tables retained";"Indicates whether database descriptive metadata for tables have been retained";"Boolean";;;
334;"descriptive metadata for database elements";"database change history and changelog retained";"Indicates whether database change history and changelog have been retained";"Boolean";;;"outcome://object/database/context/traceability/changeHistoryAndChangelog#retained"
335;"descriptive metadata for database elements";"database explicit audit trail retained";"Indicates whether database explicit audit trail has been retained";"Boolean";;;"outcome://object/database/context/traceability/explicitAuditTrail#retained"
336;"descriptive metadata for database elements";"database implicit audit trail retained";"Indicates whether database implicit audit trail has been retained";"Boolean";;;"outcome://object/database/context/traceability/implicitAuditTrail#retained"
337;"descriptive metadata for database elements";"database descriptive metadata for triggers retained";"Indicates whether database descriptive metadata for triggers have been retained";"Boolean";;;"outcome://object/database/context/triggers#retained"
338;"descriptive metadata for database elements";"database descriptive metadata for users retained";"Indicates whether database descriptive metadata for users have been retained";"Boolean";;;"outcome://object/database/context/users#retained"
339;"descriptive metadata for database elements";"database descriptive metadata for views retained";"Indicates whether database descriptive metadata for views have been retained";"Boolean";;;"outcome://object/database/context/views#retained"
340;"document structure";"bibliography retained";"Indicates whether the bibliography used in the document has been retained";"Boolean";;;
341;"document structure";"footers retained";"Indicates whether footers used in the document have been retained";"Boolean";;;
342;"document structure";"headers retained";"Indicates whether headers used in the document have been retained";"Boolean";;;
343;"document structure";"intendations retained";"Indicates whether intendations used in the document have been retained";"Boolean";;;
344;"document structure";"line spacings retained";"Indicates whether line spacings used in the document have been retained.";"Boolean";;;
345;"document structure";"number of pages equal";"Indicates whether the documents page count is equal";"Boolean";;;"outcome://object/document/structure/numberOfPages#equal"
346;"document structure";"page numberings retained";"Indicates whether page numberings used in the document have been retained";"Boolean";;;
347;"document structure";"paragraphs retained";"Indicates whether paragraphs used in the document have been retained.";"Boolean";;;
348;"document structure";"table of contents retained";"Indicates whether table of contents used in the document have been retained.";"Boolean";;;
349;"document structure";"text paging retained";"Indicates whether text paging (how text is distributed on pages) of the document has been retained";"Boolean";;;
350;"document structure";"titles and headlines retained";"Indicates whether titles and headlines used in the document have been retained.";"Boolean";;;
351;"document metadata";"date of creation of document retained";"Indicates whether the date the document was created has been retained";"Boolean";;;
352;"document metadata";"creating author of document retained";"Indicates whether the author who created the document has been retained";"Boolean";;;"outcome://object/document/metadata/author#equal"
353;"document metadata";"description of content of document retained";"Indicates whether the description of the document has been retained";"Boolean";;;
354;"document metadata";"document language retained";"Indicates whether the language the document is written in has been retained.";"Boolean";;;"outcome://object/document/metadata/language#equal"
355;"document metadata";"document subject retained";"Indicates whether the document's subject has been retained";"Boolean";;;"outcome://object/document/metadata/subject#equal"
356;"document metadata";"document title retained";"Indicates whether the document's title has been retained";"Boolean";;;"outcome://object/document/metadata/title#equal"
357;"document content";"document character set retained";"Character set used in the document.";"Boolean";;;"outcome://object/document/content/characterSet#equal"
358;"document content";"document font encoding retained";"Font encoding used in the document.";"Boolean";;;
359;"document content";"document font text marks";"Indicates if font text marks exist in the document.";"Boolean";;;"outcome://object/document/content/font/textMarks#equal
outcome://object/document/content/font/textMarks"
360;"document content";"number of characters in document";"Number of characters the document consists of.";"Positive Integer";;"Y";
361;"document content";"percentage of diacritics retained";"Percentage of retained diacritics";"Positive Number";;;
362;"document content";"percentage of equation captions retained";"Percentage of retained equation captions";"Positive Number";;;
363;"document content";"percentage of equation positions retained";"Percentage of retained equation positions";"Positive Number";;;
364;"document content";"percentage of equation sizes retained";"Percentage of retained equation sizes";"Positive Number";;;
365;"document content";"percentage of equation structures retained";"Percentage of retained equation structures";"Positive Number";;;
366;"document content";"number of equations in document";"Total number of equations in document";"Positive Number";;;
367;"document content";"percentage of retained figure captions";"Percentage of retained figure captions in document";"Positive Number";;;
368;"document content";"percentage of figures with color depth retained";"Percentage of figures with retained colour depth";"Positive Number";;;
369;"document content";"percentage of figures with positions retained";"Percentage of figures with their position retained";"Positive Number";;;
370;"document content";"percentage of figures with resolution retained";"Percentage of retained with their resolution retained.";"Positive Number";;;
371;"document content";"percentage of figures with size retained";"Percentage of figures with their size retained.";"Positive Number";;;
372;"document content";"number of figures in document";"Total number of figures in document.";"Positive Number";;;
373;"document content";"font colors retained";"Indicates whether the colour of the font has been retained";"Boolean";;;
374;"document content";"font size retained";"Indicates whether the size of the font has been retained";"Boolean";;;
375;"document content";"font style retained";"Indicates whether the style of the font has been retained";"Boolean";;;
376;"document content";"umlauts retained";"Indicates whether umlauts have been retained";"Boolean";;;
377;"document content";"percent of pages with orientation retained";"Percentage of pages with orientation (landscape, portrait) retained";"Positive Number";;;
378;"document content";"percentage of pages with size retained";"Percentage of pages with size (A4, letter, ...) retained.";"Positive Number";;;
379;"document content";"watermark in document retained";"Indicates whether the watermark embedded into document has been retained.";"Boolean";;;
380;"document content";"percentage of pages with background preserved";"Percentage of pages with their background (colour, image, ...) preserved";"Positive Number";;;
381;"document content";"document text equal";"Indicates whether the document represented as one string is equal";"Boolean";;;
382;"interactive elements in documents";"percentage of comments preserved in documents";"Percentage of comments preserved in documents.";"Positive Number";;;
383;"interactive elements in documents";"percentage of forms preserved in documents";"Percentage of forms entirely preserved in documents.";"Positive Number";;;
384;"interactive elements in documents";"percentage of references preserved in documents";"Percentage of references entirely preserved in documents.";"Positive Number";;;
385;"interactive elements in documents";"percentage of scripts preserved in documents";"Percentage of scripts entirely preserved in documents.";"Positive Number";;;
386;"interactive elements in documents";"percentage of urls preserved in documents";"Percentage of URLs entirely preserved in documents.";"Positive Number";;;
387;"audio content";"audio sampling frequency";"Number of samples per second measured in hz/sec";"Positive Integer";;;
388;"audio content";"number of audio channels";"Number of channels in an audio file";"Positive Integer";;;
389;"audio content";"audio bitrate";"The bitrate of an audio stream measured in kbit/sec";"Positive Integer";;;
390;"video content";"image width of video";"The width of the video track";"Positive Integer";;;
391;"video content";"The height of the video track";"The height of the video track";"Positive Integer";;;
392;"video content";"video bitrate";"The bitrate of a video stream measures in kbit/sec";"Positive Integer";;;
393;"format specification";"format identifier";"Identifier of the (file) format, e.g. PRONOM identifier";"Free Text";;;
394;"audio content";"audio length identical";"Indicates whether the length of the audio file is identical";"Boolean";;;
395;"audio content";"content retained";;"Boolean";;;
396;"audio content";"channel mapping retained";;"Boolean";;;
397;"audio content";"audio sampling rate retained";;"Boolean";;;
398;"audio content";"audio bit depth retained";;"Boolean";;;
399;"audio content";"number of audio channels retained";;"Boolean";;;
